x1,x2,x3,x4,x5,x6,x7,x8,x9,x10,x11,x12,x13,x14,x15,x16,x17,x18
3.978259298179722e6,4.473484276023423e6,4.252494689727339e6,3.784775696858675e6,4.176252394790703e6,4.61347487254992e6,4.542622514852148e6,4.697233325666283e6,5.025394130664362e6,3.8775880192453926e6,4.659034245556828e6,4.0018858908256525e6,4.1842927314170506e6,3.746114973145155e6,4.849492837288785e6,4.849492837288785e6,4.504620766105996e6,4.936298766081029e6
3.789992276801306e6,4.3486049608976245e6,4.111872001404294e6,3.472704732934409e6,4.1868168799554408e6,4.416790617642479e6,4.1979973005279405e6,4.5495432841717135e6,4.862317216146554e6,3.671686919252412e6,4.677080615226066e6,3.9003333414226235e6,3.9502648320085197e6,3.6480810830693855e6,4.875768855034935e6,4.875768855034935e6,4.554148489025941e6,4.748646357652368e6
3.9215470954228905e6,4.299144625771825e6,4.1252061030812482e6,3.6242053190101413e6,4.1213953251201794e6,4.203661622735038e6,4.299364776203735e6,4.488046362677143e6,4.855181801628746e6,3.7527181792594315e6,4.620558594895304e6,3.868529172019594e6,3.935122092599989e6,3.7488017229936165e6,5.009502742781086e6,5.009502742781086e6,4.529958411945885e6,4.8496274892237075e6
3.8396038240444735e6,4.247416050646026e6,4.0435576547582047e6,3.5520007350858753e6,4.1560598602849166e6,4.554757327827596e6,4.287603781879529e6,4.527769651182573e6,4.889441767110938e6,3.809932919266451e6,4.613087264564544e6,3.960911142616565e6,3.8865228131914586e6,3.6212807129178476e6,4.752248760527236e6,4.752248760527236e6,4.360317444865828e6,4.761210580795047e6
3.716832232666058e6,4.0992872755202265e6,4.0753212064351593e6,3.647929441161609e6,4.113604235449654e6,4.347582462920155e6,4.318372287555323e6,4.585355329688002e6,4.9319241025931295e6,3.7285014892734704e6,4.562802904233782e6,4.010763613213535e6,4.050571033782928e6,3.7526225928420792e6,4.887116768273388e6,4.887116768273388e6,4.480444137785775e6,4.642172432366387e6
3.835911731287642e6,4.249432060394427e6,4.131184808112114e6,3.489815267237342e6,4.1000686706143916e6,4.347951558012714e6,4.3511255032311175e6,4.541437268193433e6,4.872335638075322e6,3.7704056092804894e6,4.706736593903021e6,3.7583731038105064e6,3.866160884374397e6,3.6554392927663093e6,4.795160776019539e6,4.795160776019539e6,4.460507010705717e6,4.664332223937726e6
3.9388300199092254e6,4.226340015268628e6,3.953703219789069e6,3.6611629533130745e6,4.0635671757791284e6,4.4319620031052735e6,4.281240858906911e6,4.553374616698863e6,4.872004943557514e6,3.84463214928751e6,4.577914423572261e6,4.045256654407477e6,3.990231374965866e6,3.7473705026905406e6,4.71993305376569e6,4.71993305376569e6,4.552280703625661e6,4.708040295509065e6
3.96944815853081e6,4.314958790142829e6,4.122411761466023e6,3.612207829388808e6,4.255874390943866e6,4.405679278197832e6,4.232620964582706e6,4.607841465204292e6,4.762798729039706e6,3.7688713192945295e6,4.706821023241499e6,4.021391325004447e6,3.9725368655573353e6,3.7202191126147723e6,4.870111681511841e6,4.870111681511841e6,4.443315156545606e6,4.8611909470804045e6
3.9039496271523936e6,4.318518565017029e6,4.1638153331429786e6,3.655967015464541e6,4.1467892161086043e6,4.46020260329039e6,4.318394290258499e6,4.567325763709723e6,4.905367154521897e6,3.803403659301549e6,4.542841132910739e6,3.931179975601418e6,3.7960655561488047e6,3.594115752539003e6,4.919070099257992e6,4.919070099257992e6,4.51268997946555e6,4.765685788651743e6
3.9439242557739783e6,4.252046429891231e6,4.1005963348199334e6,3.444832731540275e6,4.1896761212733425e6,4.38345153838295e6,4.1832977459342927e6,4.514618272215151e6,4.91354236000409e6,3.7511758193085683e6,4.566274572579977e6,3.875275756198389e6,3.948772576740274e6,3.7124152524632346e6,4.825979987004142e6,4.825979987004142e6,4.441150392385494e6,4.752687860223083e6
3.9067787243955615e6,4.1674283747654306e6,3.9985337264968883e6,3.559757947616008e6,4.1168827864380805e6,4.417560703475508e6,4.277293441610087e6,4.6161511007205825e6,4.866712745486282e6,3.7134080093155885e6,4.516840802249216e6,3.9254117567953593e6,3.9682204973317436e6,3.650673202387465e6,4.876072524750293e6,4.876072524750293e6,4.361104905305439e6,4.738839341794422e6
3.7080210930171455e6,4.1491563396396316e6,4.015837248173844e6,3.573179423691741e6,4.0920060216028173e6,4.521701778568068e6,4.2536241872858815e6,4.640563769226012e6,4.778771280968473e6,3.753327419322608e6,4.608321441918455e6,3.91005232739233e6,4.0043966879232125e6,3.7763444823116967e6,4.829481332496444e6,4.829481332496444e6,4.4491927082253825e6,4.663181283365762e6
3.8202958716387297e6,4.270381064513832e6,4.001952469850799e6,3.6503951497674747e6,4.179123606767555e6,4.467066053660627e6,4.242430252961675e6,4.457148947731443e6,4.792333556450665e6,3.8088409793296275e6,4.592911271587692e6,3.9641577479893016e6,3.917520858514683e6,3.7143189022359275e6,4.799618410242595e6,4.799618410242595e6,4.354403661145327e6,4.7366600049371e6
3.8483622402603137e6,4.336600969388032e6,4.0186889315277543e6,3.663816625843208e6,4.074858441932293e6,4.387763218753185e6,4.233504558637468e6,4.6247442662368715e6,4.781228721932858e6,3.8450744993366464e6,4.653203611256932e6,3.9343382885862715e6,3.943773499106151e6,3.6440709521601587e6,4.936187597988745e6,4.936187597988745e6,4.4050655040652715e6,4.70891851650844e6
3.8494932588818977e6,4.248864084262233e6,4.0566901432047086e6,3.708993461918941e6,4.1095229770970303e6,4.326039243845744e6,4.417379264313263e6,4.460609484742302e6,4.897428857415048e6,3.751167749343667e6,4.616245160926171e6,3.875315239183242e6,4.0250309596976205e6,3.72863038208439e6,4.875703435734896e6,4.875703435734896e6,4.531713386985216e6,4.732495958079779e6
3.7890982675034814e6,4.252423859136434e6,4.0921395848816633e6,3.6583371579946745e6,4.161766372261768e6,4.4602344989383025e6,4.2871027299890565e6,4.690581403247732e6,4.813456812897241e6,3.7414694093506862e6,4.780309480595409e6,4.0796915597802126e6,3.94666103028909e6,3.703463702008621e6,4.918424193481048e6,4.918424193481048e6,4.61866706990516e6,4.775069909651117e6
3.7970340061250655e6,4.290007234010635e6,4.159911446558619e6,3.6626856740704076e6,4.0770647774265055e6,4.469676554030863e6,4.377696065664852e6,4.5068830517531615e6,4.992600608379434e6,3.9790092293577064e6,4.660560270264648e6,3.9619778003771827e6,3.8526969508805587e6,3.7437924519328517e6,5.001689741227198e6,5.001689741227198e6,4.578599312825104e6,4.603862241222458e6
3.749114334746649e6,4.2292056988848355e6,4.093006558235574e6,3.568932810146141e6,4.1610635325912433e6,4.382718409123421e6,4.308945541340645e6,4.410511940258591e6,4.869217893861626e6,3.7257586193647254e6,4.618214749933886e6,3.808539260974155e6,3.9781850914720283e6,3.8771190418570833e6,4.87202425897335e6,4.87202425897335e6,4.419732485745047e6,4.900479072793797e6
3.8324690533682336e6,4.259417293759037e6,3.987825119912528e6,3.606737866221874e6,4.127680867755981e6,4.4423452742159795e6,4.301437497016439e6,4.441729328764021e6,4.8093458993438175e6,3.8949677093717456e6,4.650437619603125e6,4.0670698115711245e6,3.8538833020634977e6,3.5806141517813145e6,4.8846908367195e6,4.8846908367195e6,4.451964878664992e6,4.723033744365136e6
3.9234790819898183e6,4.248800568633237e6,4.0448228415894844e6,3.669777092297607e6,4.1708513029207187e6,4.494883889308539e6,4.360559002692233e6,4.5571551272694515e6,4.75259273482601e6,3.813252749378765e6,4.661679269272365e6,3.8895312221680954e6,3.964344352654966e6,3.710538381705546e6,4.836398464465651e6,4.836398464465651e6,4.461798401584936e6,4.714005235936475e6
3.6810578306114017e6,4.198773173507437e6,4.0159109732664386e6,3.62082196837334e6,4.1675228180854563e6,4.454424664401097e6,4.279333158368027e6,4.528547685774881e6,4.987308410308201e6,3.755070779385784e6,4.590413688941603e6,3.752253892765066e6,3.969332243246436e6,3.666658721629776e6,4.844812092211802e6,4.844812092211802e6,4.34943049450488e6,4.797691037507814e6
3.7556231192329857e6,4.303553158381639e6,3.976792024943393e6,3.636795214449073e6,4.1865932032501935e6,4.5307797994936565e6,4.316906384043821e6,4.618455784280311e6,4.826216205790393e6,3.865305629392804e6,4.659495458610843e6,3.8993571533620367e6,3.855804593837906e6,3.6117213915540073e6,4.916169379957952e6,4.916169379957952e6,4.495074887424825e6,4.723450629079153e6
3.9297074378545685e6,4.236797493255839e6,4.0904957466203487e6,3.6692132005248065e6,4.1407352184149316e6,4.432196924586214e6,4.374610239719614e6,4.666968502785741e6,4.911511571272585e6,3.800885999399824e6,4.613464048280081e6,3.906963653959007e6,4.011346914429375e6,3.708756141478239e6,4.893111177704102e6,4.893111177704102e6,4.445934170344769e6,4.626527820650493e6
3.780284026476153e6,4.28203617813004e6,4.026993218297303e6,3.6267792666005394e6,4.054332443579669e6,4.445891929678774e6,4.410198755395409e6,4.57343269129117e6,4.818183036754778e6,3.7509263994068434e6,4.662415187949319e6,3.9922573745559785e6,3.943751125020844e6,3.7814073114024694e6,4.741897415450254e6,4.741897415450254e6,4.551884363264714e6,4.672787662221832e6
3.884052905097737e6,4.246752343004241e6,4.102987449974258e6,3.602491252676273e6,4.201558388744406e6,4.372543224771334e6,4.346268241071203e6,4.565239409796601e6,4.883631302236969e6,3.7477492494138624e6,4.636514407618559e6,3.9289813751529492e6,3.9552602056123135e6,3.7154123113267017e6,4.841040643196405e6,4.841040643196405e6,4.428458786184658e6,4.7250016337931715e6
3.8596662237193217e6,4.300780457878441e6,4.082581481651214e6,3.5852914887520066e6,4.127063873909145e6,4.302880409863892e6,4.291127156746997e6,4.485313038302031e6,4.791153357719161e6,3.770940389420883e6,4.589348877287797e6,3.845007685749919e6,4.0291458862037826e6,3.6533867312509324e6,4.905309680942556e6,4.905309680942556e6,4.4683464891046025e6,4.804434485364511e6
3.9200550123409056e6,4.345168552752641e6,4.069830823328169e6,3.52187633482774e6,4.274573349073883e6,4.555874734956451e6,4.31679212242279e6,4.561611696807462e6,4.860003983201354e6,3.7340231694279024e6,4.586414026957036e6,3.94873085634689e6,3.895771136795252e6,3.6440977311751633e6,4.876580878688707e6,4.876580878688707e6,4.510502432024546e6,4.739267036935849e6
3.8568247209624895e6,4.1922197676268425e6,4.0440377850051234e6,3.664020430903473e6,4.1201233742386196e6,4.592819200049009e6,4.470329118098585e6,4.620331495312891e6,4.986978258683546e6,3.695404769434922e6,4.740271266626274e6,3.883753676943861e6,4.025228697386721e6,3.6333910810993947e6,4.934612256434857e6,4.934612256434857e6,4.472135854944491e6,4.687425498507189e6
3.791893249584074e6,4.272049112501044e6,4.146967366682078e6,3.6751736669792063e6,4.1797385494033573e6,4.373452545141568e6,4.299224263774378e6,4.526228623818321e6,4.965949874165736e6,3.759991289441942e6,4.554176036295515e6,3.868394247540832e6,3.94770935797819e6,3.7471541010236247e6,4.865338664181008e6,4.865338664181008e6,4.402580977864435e6,4.783019560078529e6
3.7490771182056577e6,4.350460807375244e6,4.0661695083590336e6,3.60835615305494e6,4.216104264568094e6,4.445838260234128e6,4.334245719450173e6,4.590335492323751e6,5.03309931964793e6,3.760783559448961e6,4.558045905964753e6,3.835172428137803e6,3.9943761585696596e6,3.6477025609478564e6,4.825268661927159e6,4.825268661927159e6,4.339547290784379e6,4.722105061649868e6
3.863620136827241e6,4.253934492249444e6,4.043495300035989e6,3.517438589130672e6,4.239144069732833e6,4.3960225453266855e6,4.325603555125967e6,4.63941527082918e6,4.893271865130122e6,3.842098349455981e6,4.678730135633991e6,4.0117628087347723e6,3.946060409161129e6,3.781029150872087e6,4.79313749967331e6,4.79313749967331e6,4.426217443704323e6,4.751069573221207e6
3.7428332554488247e6,4.301441417123646e6,4.059664701712943e6,3.634064985206406e6,4.16096366489757e6,4.442039970419246e6,4.18455288080176e6,4.4724451893346105e6,4.909952970612313e6,3.781648139463e6,4.7407236553032305e6,3.893198459331744e6,4.029019049752598e6,3.5882962407963187e6,4.818562927419461e6,4.818562927419461e6,4.397207356624267e6,4.800164714792547e6
3.8517056740704095e6,4.440528531997846e6,4.245668573389898e6,3.572351011282139e6,4.150830460062308e6,4.381450115511804e6,4.351699316477555e6,4.581066267840041e6,4.828532696094505e6,3.71921321947002e6,4.657266284972469e6,3.904774379928714e6,3.875513670344068e6,3.65499328072055e6,4.923376755165611e6,4.923376755165611e6,4.511663449544212e6,4.808998596363885e6
3.9033050326919933e6,4.306292726872047e6,4.154380105066854e6,3.6855750473578726e6,4.0749182952270457e6,4.417260460604364e6,4.253745202153347e6,4.569754156345471e6,5.000021181576697e6,3.9040164594770395e6,4.632499624641708e6,4.051877640525685e6,4.050336030935537e6,3.685682010644781e6,4.779251242911763e6,4.779251242911763e6,4.4466450524641555e6,4.799686557935225e6
3.792158171313578e6,4.400298571746248e6,4.0735822467438085e6,3.536533833433606e6,4.110433420391783e6,4.351567065696921e6,4.359365627829143e6,4.4331217848509e6,4.901589107058888e6,3.679685909484059e6,4.674362514310946e6,3.855626071122655e6,4.041147421527006e6,3.771375560569012e6,4.828493190657914e6,4.828493190657914e6,4.5194222353841e6,4.675544869506564e6
3.8023621499351608e6,4.2090732366204485e6,4.056862168420763e6,3.7019273895093384e6,4.0861237155565205e6,4.473854060789481e6,4.432380103504936e6,4.74106445335633e6,4.934431422541081e6,3.709965299491079e6,4.674830023980185e6,3.9494256917196265e6,4.044150602118476e6,3.7028287904932434e6,4.823013848404065e6,4.823013848404065e6,4.495515688304044e6,4.743920051077902e6
3.8474403185567455e6,4.317539111494647e6,4.026249120097718e6,3.594565085585072e6,4.098389380721258e6,4.39880417588204e6,4.287360009180731e6,4.57806379186176e6,4.953664298023273e6,3.806023649498098e6,4.470588873649424e6,3.944556872316597e6,3.9986701527099446e6,3.825381240417474e6,4.998993706150215e6,4.998993706150215e6,4.513855111223989e6,4.793865782649242e6
3.8848631771783293e6,4.335842446368849e6,4.1308798817746737e6,3.679152591660806e6,4.2762365658859955e6,4.385847360974599e6,4.452521734856524e6,4.554843420367191e6,4.9091029235054655e6,3.811352399505118e6,4.587870743318663e6,3.9255115529135675e6,3.9665156133014145e6,3.847280540341705e6,4.868477633896366e6,4.868477633896366e6,4.397801314143933e6,4.760737224220581e6
3.833541145799913e6,4.432683591243051e6,4.1470492834516275e6,3.595323277736539e6,4.149856061050733e6,4.434700086067158e6,4.1750931305323183e6,4.58606080887262e6,4.886373358987657e6,3.676617329512138e6,4.643626602987902e6,3.827644893510538e6,3.8861609738928834e6,3.6267616902659363e6,4.878592441642516e6,4.878592441642516e6,4.553085727063877e6,4.87079131579192e6
3.7765485144214965e6,4.288524236117251e6,4.0092618951285826e6,3.630009503812272e6,4.0742274262154712e6,4.4061491211597165e6,4.274759426208113e6,4.56680985737805e6,4.873567344469848e6,3.591216479519157e6,4.693144802657141e6,3.87211029410751e6,4.075159834484353e6,3.7391070601901673e6,4.953352089388668e6,4.953352089388668e6,4.518121509983821e6,4.81980036736326e6
3.8244619830430816e6,4.299739320991452e6,4.054067826805538e6,3.6326568398880055e6,4.184878001380209e6,4.345275736252275e6,4.304677341883906e6,4.46335049588348e6,4.901022589952041e6,3.7017348595261765e6,4.56630734232638e6,3.91175568470448e6,4.009265225075823e6,3.602513090114399e6,4.848920777134818e6,4.848920777134818e6,4.417945392903765e6,4.8235307089345995e6
3.8238918216646644e6,4.339023875865651e6,4.003040618482494e6,3.6911595859637386e6,4.043186876544947e6,4.481455701344834e6,4.5137862175597e6,4.534829144388909e6,4.8632659354342325e6,3.7490260495331963e6,4.668278591995618e6,3.8887409453014503e6,3.912749375667291e6,3.6343359400386303e6,4.938991044880969e6,4.938991044880969e6,4.61859460582371e6,4.715833760505938e6
3.8255899002862494e6,4.235692840739853e6,4.0920772301594485e6,3.6104491020394717e6,4.216497581709685e6,4.470767126437393e6,4.266128263235494e6,4.470780452894339e6,5.016041440916425e6,3.919085729540216e6,4.618561291664857e6,3.998418245898421e6,4.064038746258761e6,3.644043449962861e6,4.82151735262712e6,4.82151735262712e6,4.534012638743654e6,4.851122022077277e6
3.879457498907833e6,4.1493736056140536e6,3.954856901836403e6,3.640031788115205e6,4.0348287268744223e6,4.426622011529952e6,4.323265058911288e6,4.471660131399769e6,4.853531586398617e6,3.8960614795472356e6,4.601449941334096e6,3.959525826495392e6,3.8586473768502306e6,3.7637605998870917e6,4.88096638037327e6,4.88096638037327e6,4.415690601663598e6,4.674243753648617e6
3.9163132975294176e6,4.362178520488255e6,4.067426503513358e6,3.607804934190938e6,4.1726981820391594e6,4.34760270662251e6,4.369344184587082e6,4.6330177899052e6,4.873331521880809e6,3.763878179554255e6,4.576399751003334e6,3.948986407092362e6,4.049630947441699e6,3.762693969811323e6,4.965082518119421e6,4.965082518119421e6,4.514269014583542e6,4.779477835219957e6
3.897030156151001e6,4.345891195362454e6,4.190486715190313e6,3.6183911102666715e6,4.0953683672038964e6,4.32415528171507e6,4.303712490262876e6,4.604977408410629e6,4.797581847363001e6,3.887722469561275e6,4.672983930672574e6,3.957727027689333e6,3.9740963180331686e6,3.754255559735554e6,4.868873575865572e6,4.868873575865572e6,4.415227017503486e6,4.669512646791295e6
3.7958068447725847e6,4.2493648802366555e6,3.984935656867268e6,3.624440806342405e6,4.249682562368634e6,4.372157416807627e6,4.24290080593867e6,4.594232356916059e6,4.868700712845193e6,3.764612129568294e6,4.627519580341811e6,3.828672068286304e6,3.757647278624638e6,3.6502675396597856e6,4.792795263611724e6,4.792795263611724e6,4.41938994042343e6,4.770777308362634e6
3.7745389933941686e6,4.307645945110857e6,4.155912438544224e6,3.7206530424181377e6,4.267051767533373e6,4.383300651900187e6,4.217813901614464e6,4.473194135421489e6,4.836047598327385e6,3.832884539575313e6,4.725237880011051e6,4.048642538883275e6,3.9078025292161074e6,3.709309269584017e6,4.819638341357875e6,4.819638341357875e6,4.494151833343375e6,4.690299239933973e6
3.9282091520157526e6,4.240606749985057e6,4.064340440221178e6,3.5245458484938713e6,3.9628979526981097e6,4.3575849869927475e6,4.321449617290258e6,4.623494123926919e6,4.872575803809577e6,3.8234697295823335e6,4.51844495968029e6,3.949074699480246e6,3.992178819807577e6,3.723269729508248e6,4.784955409104026e6,4.784955409104026e6,4.40645103626332e6,4.735708491505314e6
3.887944790637337e6,4.377142094859258e6,4.1423193818981335e6,3.5799297645696043e6,4.173634617862848e6,4.558409792085306e6,4.329252192966052e6,4.564548972432349e6,4.886138079291768e6,3.857718539589353e6,4.6209832693495285e6,3.9288952600772153e6,4.084210420399046e6,3.7125630794324786e6,4.853760926850176e6,4.853760926850176e6,4.439250489183264e6,4.745960023076653e6
3.9582571292589214e6,4.235818039733458e6,4.139492273575088e6,3.611213630645338e6,4.1581143430275857e6,4.401703267177864e6,4.319759438641846e6,4.490576730937779e6,4.881554434773962e6,3.8403648895963724e6,4.6248531390187675e6,3.9053134606741867e6,3.864359020990515e6,3.7548765393567104e6,4.959141814596327e6,4.959141814596327e6,4.500119412103207e6,4.744303294647992e6
3.9151574678805047e6,4.255255494607659e6,3.9869613252520435e6,3.6149950867210715e6,4.237576618192323e6,4.458494832270423e6,4.37462799431764e6,4.58643895944321e6,4.943316810256153e6,3.8244288896033927e6,4.699038448688007e6,3.9988295512711573e6,3.8809716415819842e6,3.645217919280941e6,4.941470682342478e6,4.941470682342478e6,4.331329035023151e6,4.836778526219331e6
3.8825484165020892e6,4.369959029481861e6,4.155102806928998e6,3.569725852796804e6,4.231412833357061e6,4.404426167362982e6,4.333379879993435e6,4.637786977948639e6,5.038819255738345e6,3.842800019610412e6,4.524000888357245e6,3.9352700218681274e6,4.024889232173454e6,3.809449279205172e6,4.874181800088629e6,4.874181800088629e6,4.352220227943096e6,4.69080502779067e6
3.8215863651236724e6,4.405274164356061e6,4.255480618605953e6,3.676428698872538e6,4.1719454085217984e6,4.46206832245554e6,4.457429755669229e6,4.522986416454068e6,4.860148191220537e6,3.6987084596174313e6,4.712165258026484e6,3.875112852465099e6,4.0928207827649224e6,3.6785259091294035e6,4.805191737834779e6,4.805191737834779e6,4.41620798086304e6,4.837434489362009e6
3.9647659137452566e6,4.316970219230262e6,4.145762700282908e6,3.6013888149482715e6,4.250273563686536e6,4.366320747548099e6,4.425254601345022e6,4.566679124959499e6,4.901496406702728e6,3.7559231996244513e6,4.555840677695723e6,3.886688773062069e6,4.028343823356392e6,3.755713559053634e6,4.95678801558093e6,4.95678801558093e6,4.451842733782983e6,4.813662420933349e6
3.9049379823668404e6,4.278567554104462e6,4.1191190719598625e6,3.661025681024004e6,4.192790848851273e6,4.478117132640659e6,4.269176837020815e6,4.605268293464929e6,4.900031592184921e6,3.789037889631471e6,4.706862617364961e6,4.02103318365904e6,4.012066963947862e6,3.745290438977865e6,4.82400370332708e6,4.82400370332708e6,4.465929206702929e6,4.720425502504688e6
3.9517173309884253e6,4.363216908978662e6,4.178668563636818e6,3.6083846670997366e6,4.1126257340160115e6,4.493796847733217e6,4.40655262269661e6,4.655482191970359e6,4.947333937667114e6,3.873755039638491e6,4.675574767034201e6,3.9914972542560105e6,4.0042960045393305e6,3.691487228902096e6,5.018696541073232e6,5.018696541073232e6,4.485402749622873e6,4.882365584076027e6
3.796056259610009e6,4.302415373852864e6,4.186899125313773e6,3.6385344131754707e6,4.1339643591807485e6,4.486227102825777e6,4.376645708372404e6,4.623472390475788e6,5.003142183149305e6,3.74809292964551e6,4.69333760670344e6,3.832388114852981e6,3.9656202751307995e6,3.750528958826327e6,4.883927518819383e6,4.883927518819383e6,4.422652592542817e6,4.665793115647367e6
3.7770566482315925e6,4.456246048727064e6,4.1891755569907282e6,3.6247370092512034e6,4.253687894345487e6,4.488864437918334e6,4.370271784048199e6,4.542695428981219e6,4.9251242686314965e6,3.7707170096525294e6,4.636815586372677e6,3.994234935449952e6,3.9791140657222695e6,3.725362278750559e6,4.863704616565534e6,4.863704616565534e6,4.624435925462762e6,4.612817457218706e6
3.7900959268531767e6,4.227878283601265e6,4.1934366986676827e6,3.5888242653269367e6,4.1567945095102247e6,4.487532353010894e6,4.333843679723992e6,4.592625797486648e6,4.813366284113688e6,3.7638539696595496e6,4.607228916041917e6,4.018569706046922e6,3.877494676313739e6,3.7563345386747895e6,4.939881914311685e6,4.939881914311685e6,4.408863098382705e6,4.869173028790045e6
3.9173977954747602e6,4.264611068475466e6,4.1418424303446384e6,3.5653868414026704e6,4.104698864674962e6,4.413049528103453e6,4.313293255399787e6,4.585850165992078e6,4.9925100795958815e6,3.8562264296665685e6,4.570553995711155e6,4.014835006643893e6,3.9425909269052083e6,3.7405243485990204e6,4.858416532057836e6,4.858416532057836e6,4.44393079130265e6,4.719230110361384e6
3.8666428240963444e6,4.230461353349667e6,4.1537588820215925e6,3.6102801474784035e6,4.326776729839699e6,4.417388043196012e6,4.321662891075579e6,4.555258014497507e6,4.967512275078072e6,3.903517619673589e6,4.672241715380395e6,3.9801955372408642e6,3.910719917496677e6,3.766393068523252e6,4.871933699803986e6,4.871933699803986e6,4.464254924222592e6,4.788172351932723e6
3.9953623427179283e6,4.268044728223866e6,4.152632953698548e6,3.604421583554137e6,4.145958465004436e6,4.410952418288571e6,4.381634986751374e6,4.496879923002938e6,5.005741660560264e6,3.8132967596806083e6,4.680931595049633e6,3.867868847837835e6,3.9511490580881466e6,3.7137239784474834e6,5.051315917550137e6,5.051315917550137e6,4.463030777142538e6,4.913253533504063e6
3.9182390813395125e6,4.378495313098067e6,4.197438885375503e6,3.57134413962987e6,4.264831410169175e6,4.46178985338113e6,4.360517502427167e6,4.533200851508368e6,4.877822466042457e6,3.936290459687628e6,4.726763904718872e6,4.008734448434805e6,3.983922888679616e6,3.6624725383717143e6,4.810790205296288e6,4.810790205296288e6,4.529003240062483e6,4.779471825075402e6
3.857560559961097e6,4.307770227972268e6,4.1112539570524576e6,3.706683515705603e6,4.253847615333913e6,4.493914308473689e6,4.415386058102962e6,4.632181910013798e6,5.016705001524648e6,3.7085575496946475e6,4.646425364388111e6,3.987987949031776e6,4.0439155992710856e6,3.772833198295946e6,4.871373353042439e6,4.871373353042439e6,4.516721422982426e6,4.683683136646741e6
3.834024468582681e6,4.343652422846469e6,4.1665504987294134e6,3.6132141817813367e6,4.234924980498649e6,4.492582223566247e6,4.254488283778757e6,4.516814288519229e6,4.897291707006841e6,3.789872339701667e6,4.74017424405735e6,4.0520169196287463e6,4.093701229862554e6,3.691527578220176e6,4.940178870788589e6,4.940178870788589e6,4.35643694590237e6,4.84108673821808e6
3.8853402972042644e6,4.35855339772067e6,3.9445547004063674e6,3.64336392785707e6,4.272424815663388e6,4.468000678658807e6,4.42191824945455e6,4.566177597024657e6,4.848477382489033e6,3.742748039708686e6,4.674012203726588e6,4.0341057202257174e6,4.0082430504540233e6,3.815781208144408e6,4.89869121853474e6,4.89869121853474e6,4.493291908822315e6,4.794915799789419e6
3.898379575825848e6,4.23735997259487e6,4.285082422083323e6,3.756587963932803e6,4.144910190828125e6,4.496155713751365e6,4.368761875130344e6,4.617242085530088e6,4.898615027971226e6,3.7781309697157065e6,4.597076023395827e6,3.9733814908226873e6,3.8828071410454935e6,3.7265367480686386e6,4.930070776280892e6,4.930070776280892e6,4.541969041742259e6,4.75299781136076e6
3.9638719044474326e6,4.375880027469071e6,4.202299853760278e6,3.695157520008536e6,4.181842965992863e6,4.546709618843924e6,4.471547000806138e6,4.5038591740355175e6,4.913311423453417e6,3.861430469722726e6,4.634969493065067e6,4.090430571419658e6,4.022755311636962e6,3.790398487992869e6,4.922606724027042e6,4.922606724027042e6,4.477801234662204e6,4.680458582932098e6
3.872572143069016e6,4.267728982343271e6,4.1234867054372327e6,3.5702163560842695e6,4.244009911157601e6,4.504832743936483e6,4.4354024264819315e6,4.489995292540947e6,4.756755698935608e6,3.8358544497297453e6,4.700081842734305e6,3.98660978201663e6,4.008463162228432e6,3.7337599779171012e6,4.881686131773193e6,4.881686131773193e6,4.543773697582148e6,4.878974034503438e6
3.8739866916906005e6,4.4941433372174725e6,4.160353797114188e6,3.5300506621600026e6,4.307310976322338e6,4.582321999029041e6,4.387916652157726e6,4.606838741046377e6,4.945823044417801e6,3.745917119736765e6,4.615490352403544e6,3.9596256226136e6,3.8892649128199015e6,3.726172157841332e6,5.006347059519344e6,5.006347059519344e6,4.565231950502093e6,4.7222263960747775e6
3.9065895403121845e6,4.346865152091674e6,4.060275898791142e6,3.511149718235736e6,4.0947373514870754e6,4.405768374121601e6,4.381259197833519e6,4.619626679551807e6,4.885667519899991e6,3.8017142097437847e6,4.575413072072782e6,3.986228633210571e6,3.90105752341137e6,3.7650832577655627e6,4.887172187265495e6,4.887172187265495e6,4.5203441834220365e6,4.790885107646116e6
3.927851188933769e6,4.350708456965874e6,4.1708607904680977e6,3.685899764311469e6,4.206805576651813e6,4.48552586921416e6,4.460511333509314e6,4.619372238057238e6,4.883635645382184e6,3.7801076097508045e6,4.619544201742021e6,3.856606613807541e6,3.9970585440028394e6,3.753526017689795e6,4.872336355011646e6,4.872336355011646e6,4.63026379634198e6,4.791780149217455e6
3.871425617555353e6,4.221292661840074e6,4.1076417921450525e6,3.6372281703872024e6,4.2190712418165505e6,4.536930364306719e6,4.253681699185107e6,4.604374236562667e6,4.986509870864377e6,3.827682329757824e6,4.722082511411259e6,4.061549994404512e6,3.9561145745943086e6,3.8587831376140257e6,4.888405292757796e6,4.888405292757796e6,4.422913339261924e6,4.761203360788794e6
3.8918366761769354e6,4.3430844467142755e6,4.1036805638220077e6,3.6781520564629356e6,4.188523876981288e6,4.3592426193992775e6,4.286434914860901e6,4.786996645068098e6,4.962646186346568e6,3.7553238597648437e6,4.604318011080498e6,3.9585797950014826e6,3.9205576751857786e6,3.6524407875382565e6,4.824518770503947e6,4.824518770503947e6,4.487751682181868e6,4.7000053323601335e6
3.7951498447985207e6,4.450416201588476e6,4.0730675154989623e6,3.6966770725386688e6,4.126788212146026e6,4.432195394491836e6,4.280628050536695e6,4.577213533573528e6,5.005412051828761e6,3.7232266497718627e6,4.660924460749737e6,3.910614415598453e6,4.0080527957772478e6,3.8161050874624876e6,4.825560618250097e6,4.825560618250097e6,4.504389925101812e6,4.859110113931472e6
3.902321083420104e6,4.331491016462677e6,4.035082687175918e6,3.599521848614402e6,4.1441574173107636e6,4.518757609584395e6,4.452594496212489e6,4.667405162078956e6,4.832695117310952e6,3.823821479778882e6,4.613475400418976e6,4.013203466195423e6,4.064926676368716e6,3.6846146573867192e6,4.749765835996248e6,4.749765835996248e6,4.506284608021757e6,4.814640355502813e6
3.8022318920416883e6,4.219087021336878e6,4.1493534688528725e6,3.7169988346901354e6,4.267283312475502e6,4.536989094676954e6,4.413331091888284e6,4.643901260584387e6,5.0331036627931455e6,3.8886915297859022e6,4.737561990088216e6,3.9677898567923945e6,4.063393376960186e6,3.6608656273109494e6,4.6912663837424e6,4.6912663837424e6,4.446936810941702e6,4.7605305770741515e6
3.9085525406632726e6,4.381423596211079e6,4.0688391405298277e6,3.5730611607658686e6,4.1672710976402396e6,4.560607649769512e6,4.365845317564078e6,4.609623219089816e6,4.976350498275337e6,3.7675658997929213e6,4.749087169757454e6,4.017642327389365e6,3.980770497551655e6,3.697224957235181e6,4.795796681488551e6,4.795796681488551e6,4.405734933861645e6,4.769080928645491e6
3.894939999284856e6,4.291985531085279e6,4.221102942206782e6,3.617103876841602e6,4.1285013628049763e6,4.436507074862072e6,4.286887713239872e6,4.592073447595247e6,4.882454903757528e6,3.614684909799942e6,4.573766079426693e6,3.8554143579863356e6,4.1414163581431247e6,3.633214667159412e6,4.897208149234701e6,4.897208149234701e6,4.44817440678159e6,4.7195076302168295e6
3.92810990790644e6,4.29015823595948e6,4.312407793883737e6,3.517113352917335e6,4.260416687969714e6,4.43744322995463e6,4.345442158915665e6,4.586998996100676e6,4.97313733923972e6,3.7280385898069614e6,4.488607529095932e6,3.890239738583307e6,3.945381478734594e6,3.8297684470836427e6,4.783703876980851e6,4.783703876980851e6,4.323614709701534e6,4.798656951788168e6
3.9000373365280246e6,4.30902863083368e6,4.207509885560693e6,3.6357244589930684e6,4.185922173134452e6,4.556327865047189e6,4.427529594591459e6,4.577671594606106e6,4.981879604721912e6,3.8411087398139806e6,4.489358568765171e6,3.9097544991802773e6,3.9509364293260635e6,3.5967742770078736e6,4.897307134727003e6,4.897307134727003e6,4.534471002621478e6,4.786509613359508e6
3.8847236151496083e6,4.36277321570788e6,4.1559156172376475e6,3.714924895068802e6,4.280695068299189e6,4.383460130139749e6,4.398189740267253e6,4.635257273111536e6,5.014154860204104e6,3.801356219821001e6,4.655691128434409e6,3.915659819777248e6,3.8595241199175324e6,3.7771668469321043e6,4.834838262473154e6,4.834838262473154e6,4.5094303355414225e6,4.799879974930848e6
3.842758073771192e6,4.320684660582081e6,4.218300408914602e6,3.6379003011445347e6,4.228882953463927e6,4.385813935232307e6,4.362895755943047e6,4.516487291616967e6,4.975831145686297e6,3.91300871982802e6,4.698971668103647e6,3.9638111103742183e6,3.9807593105090014e6,3.812392056856336e6,4.8248224402193045e6,4.8248224402193045e6,4.370127078461368e6,4.803043256502188e6
3.8957750823927764e6,4.280864345456283e6,4.157066120591557e6,3.6192828872202686e6,4.282543998628665e6,4.520009190324865e6,4.240558061618841e6,4.601008320122396e6,5.037877051168488e6,3.7351770898350393e6,4.715600387772887e6,3.896282160971189e6,3.900688201100471e6,3.6896910567805674e6,4.811687787965456e6,4.811687787965456e6,4.567090401381311e6,4.786926498073527e6
3.7911494110143604e6,4.319865370330483e6,4.0686129522685125e6,3.5578524432960013e6,4.184232963793402e6,4.584456065417425e6,4.352416147294636e6,4.544614938627826e6,4.941429686650679e6,3.827266019842059e6,4.6338441974421255e6,3.9900817815681593e6,3.8951854816919398e6,3.825852946704799e6,4.812729635711606e6,4.812729635711606e6,4.624273434301255e6,4.790089779644866e6
3.8302734496359434e6,4.245737925204684e6,4.0941388439454674e6,3.6710764793717344e6,4.17466681895814e6,4.484172010509985e6,4.258431452970429e6,4.708240837133256e6,4.947903712132873e6,3.983999789849079e6,4.740351927111364e6,3.924537542165131e6,3.9049933822834096e6,3.6756495366290305e6,4.7868361334577575e6,4.7868361334577575e6,4.416355917221199e6,4.747604731216204e6
3.825450338257528e6,4.1752963700788845e6,4.034038675622422e6,3.622688415447468e6,4.042332184122878e6,4.492196415602542e6,4.503832168646223e6,4.5245424856386855e6,4.790780927615064e6,3.7165726798560983e6,4.6495227767806025e6,3.932994632762102e6,3.9502425328748785e6,3.7321394965532613e6,4.964800701203909e6,4.964800701203909e6,4.529110830141143e6,4.8057728327875445e6
3.8384896168791116e6,4.498110924953084e6,4.0899022772993767e6,3.7013217915232014e6,4.0889049792876155e6,4.237672040695102e6,4.415801604322016e6,4.584396404144116e6,4.908115183097256e6,3.9674384098631185e6,4.654243236449842e6,3.9272752233590716e6,3.9385021534663485e6,3.6593397764774924e6,4.752627988950059e6,4.752627988950059e6,4.512576063061087e6,4.777747814358883e6
3.815237055500696e6,4.307169119827285e6,4.029235048976332e6,3.499827527598935e6,4.1675166644523535e6,4.519869955787661e6,4.379657029997812e6,4.511841812649545e6,4.964774018579449e6,3.8902599298701375e6,4.61104712611908e6,4.0372360539560425e6,3.9117346840578173e6,3.7714016164017236e6,4.7811722466962105e6,4.7811722466962105e6,4.484983625981031e6,4.666364975930223e6
3.87931173412228e6,4.276988824701486e6,4.1551305606532875e6,3.626661003674668e6,4.1281798696170906e6,4.496139000880219e6,4.4450161956736045e6,4.587006351154976e6,5.07813885406164e6,3.8221544098771573e6,4.658297085788321e6,4.0122366045530136e6,4.0440275446492867e6,3.722418416325954e6,4.887403724442361e6,4.887403724442361e6,4.463345318900976e6,4.757422557501562e6
3.886963942743864e6,4.356818169575687e6,4.205323562330241e6,3.6862978697504015e6,4.218132754781828e6,4.399824365972779e6,4.5673648913494e6,4.606882539660405e6,4.872815969543832e6,3.8566867498841775e6,4.613966855457559e6,3.941588825149984e6,4.065176645240756e6,3.831361426250185e6,4.9238868221885115e6,4.9238868221885115e6,4.42100932182092e6,4.720324579072902e6
3.905390291365449e6,4.306507244449887e6,4.323847294007197e6,3.6716498758261343e6,4.211401909946566e6,4.455198281065336e6,4.418091847025192e6,4.516182028165835e6,4.915581835026024e6,3.767032949891196e6,4.674259195126798e6,3.932750585746955e6,3.9354877858322253e6,3.682859196174416e6,4.872192089934663e6,4.872192089934663e6,4.373569784740865e6,4.77565738064424e6
3.860022389987032e6,4.313469379324088e6,4.044578435684152e6,3.693860781901867e6,4.1363403351113033e6,4.475414476157896e6,4.366353122700987e6,4.478501626671266e6,4.854008660508216e6,3.8781183898982164e6,4.595054774796037e6,3.932418246343925e6,4.000584036423695e6,3.7796104160986478e6,4.762940767680813e6,4.762940767680813e6,4.354199717660809e6,4.785341852215579e6
3.8526475086086164e6,4.2589055041982895e6,4.1256762073611063e6,3.661917457977601e6,4.240186190276042e6,4.460756481250455e6,4.31518145837678e6,4.558202645176695e6,5.026631265990407e6,3.8335458599052355e6,4.602043474465275e6,3.9116717469408964e6,3.998483677015164e6,3.730627216022878e6,4.854995745426964e6,4.854995745426964e6,4.455896960580753e6,4.733783843786918e6
3.8906374272302e6,4.27267235907249e6,4.004050029038062e6,3.5352751140533336e6,4.272298955440778e6,4.522935116343014e6,4.370050014052575e6,4.528744613682126e6,4.7881353714726e6,3.7696932899122555e6,4.730950074134514e6,3.905385277537867e6,3.9255008176066335e6,3.65385807594711e6,4.834489313173114e6,4.834489313173114e6,4.548237713500698e6,4.754242455358258e6
3.966903895851784e6,4.148360103946691e6,4.0962054707150166e6,3.588674320129067e6,4.224739790605517e6,4.442781691435573e6,4.358572549728368e6,4.552023162187555e6,4.9738003569547925e6,3.7239866399192754e6,4.718091673803752e6,3.8602551981348367e6,3.9784052781981025e6,3.790019965871341e6,4.893371280919266e6,4.893371280919266e6,4.4667745764206415e6,4.638323136929598e6
3.944785454473368e6,4.346421458820892e6,4.0936618923919722e6,3.5303627062048e6,4.222828955770254e6,4.491634416528132e6,4.389057525404163e6,4.5920299806929855e6,4.811290502436984e6,3.7174071299262946e6,4.655899053472991e6,4.075405658731809e6,3.9451166187895723e6,3.694821375795572e6,4.888175468665416e6,4.888175468665416e6,4.544655299340585e6,4.668988828500937e6
3.9802236030949517e6,4.404702523695093e6,4.0318605440689265e6,3.6328126022805334e6,4.171583900934992e6,4.436998691620691e6,4.3157705210799575e6,4.618994419198415e6,4.811526867919176e6,3.7910666099333144e6,4.64474183314223e6,3.8479657893287786e6,4.0099293393810405e6,3.6804288357198024e6,5.013686986411568e6,5.013686986411568e6,4.474816892260529e6,4.638128510072276e6
4.002335841716536e6,4.330858608569293e6,4.0735476457458823e6,3.674587078356267e6,4.169956596099729e6,4.505131456713249e6,4.29380244675575e6,4.619874097703844e6,5.004563633401368e6,3.7255128599403338e6,4.736222472811469e6,4.0044255399257494e6,4.05631260997251e6,3.7482599956440344e6,4.928535714157718e6,4.928535714157718e6,4.422273815180474e6,4.934461811643614e6
3.9178408003381193e6,4.2221405034434935e6,4.033578107422837e6,3.591891884432e6,4.260193011264467e6,4.393789731805808e6,4.364832212431545e6,4.587864296209275e6,4.970776398883561e6,3.8584301099473536e6,4.552111952480708e6,3.98226139052272e6,4.03096279056398e6,3.676027335568265e6,4.914266941903869e6,4.914266941903869e6,4.455356798100418e6,4.834420173214953e6
3.875591728959704e6,4.269930958317695e6,4.237444369099792e6,3.5219555405077334e6,4.238151546429205e6,4.586392166898366e6,4.305438178107339e6,4.605188714714704e6,4.983204554365751e6,3.8362564499543733e6,4.518839392149946e6,4.036650341119691e6,4.1133543711554487e6,3.705581945492496e6,4.93203705965002e6,4.93203705965002e6,4.482769181020362e6,4.654706604786293e6
4.018771277581288e6,4.352312073191895e6,4.1849995107767466e6,3.6703372965834667e6,4.324985601593942e6,4.486958701990926e6,4.326850193783133e6,4.508250543220135e6,4.877684229847944e6,3.869938199961392e6,4.699064921819185e6,3.988401431716662e6,3.960983111746918e6,3.7884401954167276e6,4.77118327739617e6,4.77118327739617e6,4.427107273940307e6,4.721664136357633e6
3.881256126202872e6,4.220060978066095e6,4.0687604024537015e6,3.6667469726592004e6,4.31541945675868e6,4.387525237083485e6,4.307433889458927e6,4.542019701725565e6,4.991899655330136e6,3.7612878899684125e6,4.569959221488424e6,3.9823984923136327e6,3.997726362338388e6,3.6677239053409584e6,4.8952771451423215e6,4.8952771451423215e6,4.440343156860252e6,4.762820437928973e6
3.8772836048244564e6,4.358864562940296e6,4.285669044130657e6,3.568741158734933e6,4.1564330019234177e6,4.481459232176044e6,4.244070435134721e6,4.597337140230995e6,4.934579430812327e6,3.685243529975432e6,4.6101209311576625e6,3.896440092910603e6,3.8876010729298573e6,3.7403750752651896e6,4.9504732228884725e6,4.9504732228884725e6,4.625681749780196e6,4.771654319500311e6
3.9895583834460396e6,4.232851127814497e6,4.1172604158076113e6,3.679696954810666e6,4.2940189270881545e6,4.289878517268603e6,4.304042530810514e6,4.643014558736425e6,4.89030158629452e6,3.960492839982452e6,4.725418090826903e6,3.9168054435075736e6,3.947877313521326e6,3.790910905189421e6,4.834984240634623e6,4.834984240634623e6,4.494600862700139e6,4.597044291071651e6
3.8786950520676244e6,4.3716547126886975e6,4.0821108874845672e6,3.6145806208864e6,4.0701041022528927e6,4.387214872361162e6,4.300787436486308e6,4.528213997241854e6,4.972194591776712e6,3.7228363799894718e6,4.7494185904961405e6,3.848992964104544e6,4.0518171741127954e6,3.7166935351136522e6,4.814761338380774e6,4.814761338380774e6,4.438371895620084e6,4.81710802264299e6
3.893719040689208e6,4.293274317562898e6,4.075597889161522e6,3.5987985069621326e6,4.1614746374176303e6,4.2948696574537195e6,4.356506582162103e6,4.620673865747284e6,4.880000177258905e6,3.8384582999964906e6,4.52051033016538e6,3.9742644147015153e6,3.813819854704265e6,3.6640244450378832e6,4.6683675861269245e6,4.6683675861269245e6,4.365131128540028e6,4.728974644214328e6
3.961479609310792e6,4.2370092624371e6,4.1104802708384763e6,3.748597913037866e6,4.137731992582368e6,4.4296319725462785e6,4.351266777837897e6,4.628358264252714e6,4.989679122741096e6,3.8471894100035103e6,4.714345299834618e6,3.980453265298485e6,4.0076387252957337e6,3.7400779749621144e6,4.948686483873076e6,4.948686483873076e6,4.537427341459972e6,4.664374255785667e6
3.880670457932376e6,4.289619727311299e6,4.1396920525154322e6,3.6962404291135995e6,4.1528329577471055e6,4.340122057638838e6,4.1903690035136905e6,4.475848212758143e6,4.893798818223288e6,3.8190616200105296e6,4.7233187095038565e6,3.859337145895456e6,3.9343723358872035e6,3.7030030348863453e6,4.942356551619227e6,4.942356551619227e6,4.4015264443799155e6,4.715170577357007e6
3.8888897265539593e6,4.2154922821855005e6,4.0118282141923863e6,3.722137225189333e6,4.202524582911843e6,4.501819722731397e6,4.237582249189485e6,4.618776421263575e6,4.8906328237054795e6,3.695667750017549e6,4.534955239173097e6,3.928186126492427e6,4.0178980364786726e6,3.753538864810576e6,4.920148939365378e6,4.920148939365378e6,4.53299433729986e6,4.663896098928346e6
3.794754665175543e6,4.265267447059701e6,3.982632815869342e6,3.495975851265066e6,4.27348095807658e6,4.490280557823956e6,4.257860144865278e6,4.595556049769004e6,4.8559949991876725e6,3.842761500024569e6,4.642313558842335e6,4.0202845670893975e6,3.8448290870701415e6,3.6546543847348075e6,4.872707157111529e6,4.872707157111529e6,4.441891180219805e6,4.795498470499686e6
3.859679933797127e6,4.343395611933902e6,4.093217707546297e6,3.542570337340799e6,4.152203993241318e6,4.5516086029165145e6,4.390132390541073e6,4.575738038274434e6,4.911803244669864e6,3.7925183700315887e6,4.581255058511573e6,3.994434527686368e6,3.9643630976616116e6,3.701504324659039e6,4.850216014857679e6,4.850216014857679e6,4.427057593139748e6,4.865858362071025e6
3.856558002418712e6,4.398841376808102e6,4.1785684292232515e6,3.536711773416532e6,4.1528449284060556e6,4.487049328009074e6,4.418632656216865e6,4.555920026779864e6,4.922246690152056e6,3.786505920038608e6,4.621416768180812e6,3.957810348283339e6,3.96169567825308e6,3.84276975458327e6,4.83878254260383e6,4.83878254260383e6,4.450500556059693e6,4.948126513642364e6
3.808638331040296e6,4.413175291682303e6,4.1062764709002064e6,3.6326404794922657e6,4.359045113570794e6,4.348488723101633e6,4.238454841892661e6,4.588271535285294e6,4.878819435634247e6,3.7135803900456284e6,4.573684177850051e6,3.832724808880309e6,4.0335966488445504e6,3.6435156545075006e6,4.999735310349981e6,4.999735310349981e6,4.507116528979638e6,4.725032855213704e6
3.7661057296618796e6,4.2188311265565045e6,4.0147044725771616e6,3.670445535567999e6,4.1719891887355316e6,4.451212148194192e6,4.264119807568453e6,4.516000473790723e6,4.88500993111644e6,3.893280090052647e6,4.64446712751929e6,3.97160569947728e6,4.032063349436019e6,3.697170314431732e6,4.814497948096132e6,4.814497948096132e6,4.502490021899582e6,4.865708186785042e6
3.797574458283464e6,4.202827331430705e6,4.1706541642541164e6,3.658065781643733e6,4.068007553900269e6,4.43060002328675e6,4.417656803244249e6,4.423882312296154e6,4.934580516598633e6,3.702689610059667e6,4.660245257188529e6,3.8445354500742503e6,3.824687270027489e6,3.7766262043559635e6,4.823195105842282e6,4.823195105842282e6,4.501265874819526e6,4.649702778356383e6
3.757877156905047e6,4.301936716304906e6,4.111971645931072e6,3.5158292877194653e6,4.1698686990650073e6,4.542679938379309e6,4.321120338920044e6,4.456233820801583e6,4.8673367420808235e6,3.8512010100666867e6,4.683962226857767e6,3.915369140671222e6,3.8030233406189578e6,3.597786264280194e6,4.887464143588433e6,4.887464143588433e6,4.40279093773947e6,4.890747729927721e6
3.9878168855266315e6,4.371558981179107e6,4.1349457676080265e6,3.6741345937951985e6,4.1736284642297444e6,4.519232513471868e6,4.348486484595836e6,4.557483119307014e6,4.842055407563015e6,3.7476542400737065e6,4.672521476527006e6,3.856062561268192e6,3.944672691210427e6,3.7027598542044256e6,4.636447821334585e6,4.636447821334585e6,4.458272790659415e6,4.6945894214990605e6
3.839811124148215e6,4.444300076053307e6,4.234189459284981e6,3.568756999870932e6,4.230691869394482e6,4.536329878564428e6,4.30100071027163e6,4.450054337812443e6,4.814222303045208e6,3.8006160300807264e6,4.618551226196245e6,4.052216511865163e6,3.989638311801897e6,3.723525034128656e6,4.847301869080735e6,4.847301869080735e6,4.389001443579358e6,4.856813033070399e6
3.8460456827697996e6,4.285397160927507e6,4.0079407109619365e6,3.7239434759466653e6,4.20383039455922e6,4.320649113656986e6,4.291791485947425e6,4.565763666317874e6,4.8493328585274005e6,3.7841129700877457e6,4.630076405865484e6,3.962288692462134e6,4.003982692393366e6,3.7326654840528877e6,4.920076806826886e6,4.920076806826886e6,4.443065646499303e6,4.67936770464174e6
3.783949511391383e6,4.391878325801708e6,4.1182420726388916e6,3.6871801420223983e6,4.1202629197239573e6,4.488300908749545e6,4.386637771623218e6,4.693097724823303e6,4.752318434009592e6,3.8827230900947647e6,4.605593275534723e6,3.8601690830591046e6,3.9372374929848346e6,3.610248013977119e6,4.836910244573037e6,4.836910244573037e6,4.532854629419247e6,4.697841606213078e6
3.8443383000129675e6,4.261328410675908e6,4.1534079843158466e6,3.5435259980981317e6,4.152092154888695e6,4.513904173842104e6,4.2356635472990135e6,4.634436103328733e6,4.954995219491784e6,3.7791763201017855e6,4.611447855203962e6,3.9290180636560754e6,3.9340030135763036e6,3.61230021390135e6,4.801376722319188e6,4.801376722319188e6,4.427007912339191e6,4.764515607784417e6
3.927409488634551e6,4.26006817555011e6,4.100963125992801e6,3.693892464173865e6,4.102548280053433e6,4.549714518934662e6,4.339582792974806e6,4.631629891834163e6,4.888318504973976e6,3.8329887001088047e6,4.5605964348732e6,3.8399408342530457e6,3.9412591441677734e6,3.684667853825581e6,4.973387160065338e6,4.973387160065338e6,4.475968575259135e6,4.874286169355757e6
3.890547487256135e6,4.226485520424309e6,3.9971993376697563e6,3.5788748502495983e6,4.17775760521817e6,4.410019794027221e6,4.245598098650601e6,4.550569400339593e6,4.766353440456167e6,3.706192470115824e6,4.506342654542439e6,3.8600226548500163e6,3.9587223547592424e6,3.6892718237498123e6,4.79750628781149e6,4.79750628781149e6,4.3763595181790795e6,4.776229240927096e6
3.8216465958777196e6,4.282781875298511e6,4.1276313293467117e6,3.6393623063253313e6,4.0819983403829085e6,4.44611366911978e6,4.275799544326394e6,4.561656158845023e6,4.86866060593836e6,3.7687942801228436e6,4.529776094211678e6,3.9606269954469865e6,3.9174948553507123e6,3.605414433674043e6,4.89154597555764e6,4.89154597555764e6,4.482309711099025e6,4.6651299324984355e6
3.9517837644993034e6,4.257421590172712e6,4.093048861023666e6,3.595510722401065e6,4.1421805755476453e6,4.236954094212339e6,4.347679900002188e6,4.598544147350453e6,5.033911431420552e6,3.717700560129863e6,4.756217013880917e6,3.9274051760439575e6,3.8232472459421814e6,3.662471453598274e6,4.905630203303791e6,4.905630203303791e6,4.464073764018969e6,4.564804764069775e6
3.949228893120887e6,4.302093215046912e6,4.0610181627006214e6,3.577460368476798e6,4.0900849307123837e6,4.523404959304899e6,4.370793095677982e6,4.502456565855883e6,4.942000546902743e6,3.917247360136883e6,4.556228813550156e6,4.0073118266409286e6,3.8347563265336514e6,3.604131763522505e6,4.9069555810499415e6,4.9069555810499415e6,4.540536836938912e6,4.6646517756411135e6
3.8315608417424713e6,4.243843449921113e6,4.1747218843775755e6,3.459040394552531e6,4.133538895877121e6,4.490317514397456e6,4.443807571353776e6,4.556356354361312e6,4.991004072384936e6,3.6501037801439026e6,4.619923513219394e6,3.7126753472378994e6,3.8337900871251198e6,3.711657123446737e6,4.942021028796093e6,4.942021028796093e6,4.481189039858857e6,4.696168057212453e6
3.851404840364055e6,4.369037594795314e6,4.1534653260545316e6,3.7523059806282646e6,4.302880181041858e6,4.457230069490016e6,4.277806257029572e6,4.545611302866743e6,4.935668557867128e6,3.7991822401509224e6,4.479476612888633e6,3.92442344783487e6,3.8396285677165887e6,3.5583348833709676e6,4.827949696542244e6,4.827949696542244e6,4.3861164627788e6,4.746964378783793e6
3.921433648985639e6,4.279032469669514e6,4.1546076377314865e6,3.7470144767039972e6,4.202584436206596e6,4.426694394582574e6,4.415465572705365e6,4.522957991372173e6,4.80151170334932e6,3.7429849801579416e6,4.482779422557872e6,3.9371334884318407e6,3.987232048308058e6,3.7809734232951985e6,4.761794934288396e6,4.761794934288396e6,4.458326585698744e6,4.822994870355131e6
3.769458467607223e6,4.391467764543715e6,4.1458263994084415e6,3.577842632779731e6,4.070816861371334e6,4.344839789675134e6,4.322898528381159e6,4.440763379877602e6,4.984341388831511e6,3.850668060164962e6,4.73020156222711e6,4.0692096590288114e6,4.059700078899528e6,3.8147809832194294e6,4.904034722034546e6,4.904034722034546e6,4.540743788618689e6,4.646683661926471e6
3.8117013362288065e6,4.359302759417917e6,4.0908297710853964e6,3.530021628855464e6,4.1630379865360716e6,4.420911394767691e6,4.384004744056952e6,4.543997388383033e6,4.8700316343137035e6,3.698637660171981e6,4.632567691896348e6,3.864168659625782e6,3.9765101394909974e6,3.7422647931436608e6,4.785993969780697e6,4.785993969780697e6,4.434613541538633e6,4.614122163497809e6
3.9993950948503916e6,4.218829294292117e6,4.0928226727623516e6,3.5564854849311975e6,4.1560236117008086e6,4.465511169860251e6,4.2747094297327455e6,4.517091126888461e6,4.889548039795896e6,3.8012172001790004e6,4.620276351565589e6,3.895308150222752e6,4.0665570300824665e6,3.7689841030678917e6,4.882868957526848e6,4.882868957526848e6,4.3316021244585775e6,4.853465935069148e6
3.8196339734719754e6,4.268604459166317e6,3.9799859244393064e6,3.514618611006931e6,4.1280280168655463e6,4.381104794952811e6,4.25897901540854e6,4.610685115393893e6,4.821453675278087e6,3.73906581018602e6,4.660438061234827e6,3.8762628308197223e6,3.921841080673936e6,3.8464552829921227e6,4.892133175272998e6,4.892133175272998e6,4.451728817378521e6,4.7242207066404885e6
3.76150722209356e6,4.2319029740405185e6,4.1169391061162613e6,3.659881537082664e6,4.354642362030284e6,4.40840924004537e6,4.369986511084334e6,4.600223593899323e6,4.920358480760279e6,3.7251145201930394e6,4.548911220904066e6,3.961556551416694e6,3.884015941265404e6,3.7487049229163546e6,4.858867893019149e6,4.858867893019149e6,4.512881270298466e6,4.765377008211829e6
3.852517250715143e6,4.421458428914719e6,4.232344007793216e6,3.6710347731583975e6,4.212100647195022e6,4.517937385137929e6,4.262392376760129e6,4.525117232404753e6,4.966243176242471e6,3.767302170200059e6,4.529815160573306e6,3.9223806020136643e6,4.091444251856874e6,3.649536912840585e6,5.034847750765299e6,5.034847750765299e6,4.49209355321841e6,4.780165019783167e6
4.002785049336728e6,4.00340909378892e6,4.120357849470171e6,3.45508047923413e6,4.0247611923597595e6,4.452527520230486e6,4.425002332435922e6,4.593193520910182e6,4.956272461724663e6,3.740875560207079e6,4.660422940242544e6,3.9566389226106354e6,4.0048519524483443e6,3.6215349327648166e6,4.88561869851145e6,4.88561869851145e6,4.482930566138355e6,4.737396441354507e6
3.8372004279583106e6,4.274054128663121e6,4.0285023211471266e6,3.623592865309863e6,4.137680007524497e6,4.396757675323046e6,4.330450578111717e6,4.540769559415611e6,4.890729867206855e6,3.8403362702140985e6,4.584337349911782e6,3.9305053532076054e6,3.904366683039813e6,3.7647850726890475e6,4.973420726257601e6,4.973420726257601e6,4.546918319058299e6,4.735456182925846e6
3.807993736579895e6,4.479487263537322e6,4.148727232824081e6,3.510843491385597e6,4.1913410526892347e6,4.436253910415605e6,4.30224484378751e6,4.515280947921042e6,4.984531132689048e6,3.7764837002211185e6,4.538589469581021e6,3.966748383804577e6,4.0610431236312822e6,3.691134762613279e6,4.944124864003753e6,4.944124864003753e6,4.597580161978243e6,4.729546504497184e6
3.737675195201479e6,4.207455878411522e6,4.081538814501036e6,3.62576870746133e6,4.099551207853973e6,4.343625165508163e6,4.388585229463303e6,4.592146666426471e6,4.9223908981712395e6,3.9391716002281383e6,4.613341839250259e6,3.902338264401547e6,3.9815390742227514e6,3.6824128225375097e6,4.986845621749903e6,4.986845621749903e6,4.645690234898188e6,4.724487416068524e6
3.926219543823063e6,4.358451253285723e6,4.0744587561779907e6,3.549878233537064e6,4.1174874730187105e6,4.470732170600723e6,4.335428855139098e6,4.583102794931903e6,4.855714183653431e6,3.8381766002351576e6,4.684124788919498e6,4.0162685149985184e6,3.9839751948142205e6,3.616134292461741e6,4.871640169496054e6,4.871640169496054e6,4.60505541781813e6,4.664423507639863e6
3.7461748924446474e6,4.265610828159922e6,4.100268177854947e6,3.601292729612797e6,4.1320213781834478e6,4.4535224056932805e6,4.1050662308148923e6,4.706183903437331e6,4.757849169135624e6,3.7765922702421774e6,4.576567368588737e6,3.9634831255954877e6,3.9132605754056894e6,3.782633892385972e6,4.908406797242206e6,4.908406797242206e6,4.516787560738075e6,4.773627009211203e6
3.8425719910662305e6,4.187513963034123e6,4.214538959531901e6,3.6198177456885297e6,4.1522258833481856e6,4.51456692078584e6,4.292343296490686e6,4.583444501942762e6,4.809687994617816e6,3.7626409802491968e6,4.643097368257976e6,4.0638039361924594e6,4.038748715997159e6,3.627894002310203e6,4.806810784988355e6,4.806810784988355e6,4.47189979365802e6,4.744751400782542e6
3.7989052696878146e6,4.255435047908324e6,4.1822247312088567e6,3.657906331764263e6,4.141525618512923e6,4.375439255878398e6,4.272076402166479e6,4.589711250448192e6,4.892431590100007e6,3.707010780256216e6,4.690063797927215e6,3.9412701667894297e6,3.9062245565886283e6,3.823030132234434e6,4.793392602734506e6,4.793392602734506e6,4.410000226577964e6,4.868414932353881e6
3.939249518309399e6,4.2008711727825245e6,3.9945360628858106e6,3.5939241178399962e6,4.01826394367766e6,4.489220350970958e6,4.379398007842273e6,4.551180258953621e6,4.942852765582199e6,3.6785994602632355e6,4.565778107596453e6,3.800023417386401e6,3.891081817180097e6,3.7465445221586656e6,4.913233520480657e6,4.913233520480657e6,4.455842059497908e6,4.78311685392522e6
3.8839580669309827e6,4.1083142776567256e6,4.0050348645627657e6,3.577291413915729e6,4.1484780888423976e6,4.370223316063518e6,4.202339023518068e6,4.677663727459051e6,5.101582401064391e6,3.7389330302702556e6,4.608208057265692e6,3.8663206279833713e6,3.850704907771567e6,3.818061572082897e6,5.069082748226807e6,5.069082748226807e6,4.598084092417852e6,4.693849355496559e6
3.9551209955525673e6,4.304957982530926e6,4.026591336239721e6,3.535708069991463e6,4.1250189740071357e6,4.479184401156075e6,4.346235999193862e6,4.543866655964481e6,4.804112266546584e6,3.8953832702772752e6,4.586560226934932e6,3.9516143485803423e6,4.0153201883630366e6,3.689973502007127e6,4.8832783259729585e6,4.8832783259729585e6,4.368618295337797e6,4.7429444970678985e6
3.9091860341741513e6,4.169304527405127e6,3.9730123579166755e6,3.483917646067196e6,4.1185716591718732e6,4.322477876248634e6,4.272098404869655e6,4.583873474469911e6,4.879200552028775e6,3.7955223902842947e6,4.54591588660417e6,3.888905409177312e6,3.9295784789545056e6,3.763758791931359e6,4.891124893719109e6,4.891124893719109e6,4.587696958257741e6,4.852998588639238e6
3.9398041727957353e6,4.311226942279327e6,4.13236440959363e6,3.639671182142929e6,4.110139634336611e6,4.429170721341194e6,4.2935104205454495e6,4.68795807297534e6,4.790692027510967e6,3.8742854102913137e6,4.658944806273409e6,3.8860212997742826e6,4.066124289545975e6,3.682736701855589e6,4.699649871465261e6,4.699649871465261e6,4.449244291177685e6,4.724036890210577e6
3.902942171417319e6,4.199673537153529e6,4.133223191270586e6,3.5535736282186625e6,4.0379133595013497e6,4.489364646433752e6,4.275511766221244e6,4.50567737148077e6,4.83657672299316e6,3.7109138102983334e6,4.512827305942648e6,3.899014870371253e6,4.0370885801374437e6,3.655301781779821e6,4.825444919211412e6,4.825444919211412e6,4.52485677409763e6,4.856489851781917e6
3.844531890038903e6,4.381573682027729e6,4.0705712529475405e6,3.642981144294396e6,4.240144124666087e6,4.429625381526312e6,4.331797971897038e6,4.482456999986201e6,4.916201488475351e6,3.643942410305354e6,4.621319745611887e6,3.879402490968224e6,3.8263101407289132e6,3.7960001517040525e6,4.835276196957562e6,4.835276196957562e6,4.419293587017574e6,4.842641333353256e6
3.905204208660487e6,4.22153664690193e6,4.0663264946244964e6,3.579849520370129e6,4.0363599298308245e6,4.4019250066188695e6,4.273254527572831e6,4.629354628491631e6,4.828827083957543e6,3.8528457003123728e6,4.699758005281125e6,3.980857421565195e6,3.994044251320383e6,3.650333221628283e6,4.876579304703713e6,4.876579304703713e6,4.404743529937517e6,4.895705894924595e6
3.900097567282071e6,4.167539831776131e6,4.0374146263014507e6,3.7069665264458624e6,4.224981254995562e6,4.516556691711429e6,4.321318363248626e6,4.45246099699706e6,4.798442209439736e6,3.7002482403193926e6,4.541165184950365e6,3.9232520221621664e6,3.9012142919118516e6,3.640193631552514e6,4.864578772449864e6,4.864578772449864e6,4.369495782857462e6,4.755970056495934e6
3.798307195903655e6,4.294718686650332e6,4.1791878179784054e6,3.661413762521595e6,4.1932997701602997e6,4.359283106803987e6,4.48562949892442e6,4.43604534550249e6,4.884304634921927e6,3.725707620326413e6,4.654194104619603e6,3.924904392759137e6,3.922363392503321e6,3.808677941476745e6,4.853145300196014e6,4.853145300196014e6,4.395774045777406e6,4.697323798067273e6
3.833461814525239e6,4.1712570215245327e6,4.09300288965536e6,3.5926115385973286e6,4.1647371153250365e6,4.4053005318965465e6,4.3814377246002145e6,4.465845084007921e6,4.9270705004041195e6,3.891230820333432e6,4.592568544288842e6,4.0635017533561075e6,4.0331079730947907e6,3.7078087514009764e6,4.860424807942165e6,4.860424807942165e6,4.46571592869735e6,4.763997799638614e6
3.711257283146823e6,4.271216996398734e6,4.0039826613323158e6,3.5972435846730624e6,4.0488472204897744e6,4.441394406989105e6,4.216287000276007e6,4.5160589825133495e6,5.034481205886311e6,3.7244568603404514e6,4.616852573958081e6,3.840031303953078e6,4.09111597368626e6,3.7926517113252077e6,4.862033715688317e6,4.862033715688317e6,4.435571721617295e6,4.799483501209953e6
3.8521685917684063e6,4.280730901272933e6,4.075723943009271e6,3.628810980748796e6,4.217904975654513e6,4.517182482081664e6,4.2635002459518025e6,4.462500901018781e6,4.829158321368503e6,3.7065361503474712e6,4.70124496362732e6,3.9655862845500484e6,4.081927364277729e6,3.821922791249438e6,4.850033183434467e6,4.850033183434467e6,4.412232234537239e6,4.717871312781291e6
3.913691500389991e6,4.216527006147134e6,3.9997460946862255e6,3.597434716824528e6,4.1558857808192503e6,4.516417457174224e6,4.332545301627596e6,4.56488431952421e6,4.878445376850695e6,3.8210239503544904e6,4.436044863296558e6,3.919605615147019e6,3.8337229648691984e6,3.58609332117367e6,4.808262001180618e6,4.808262001180618e6,4.5139294774571825e6,4.7783076543526305e6
3.8212576190115744e6,4.154024291021336e6,4.06638383636318e6,3.501130082900262e6,4.243570425983988e6,4.448455822266783e6,4.25472181730339e6,4.48495794802964e6,4.9461618823328875e6,3.7625584503615103e6,4.558997332965798e6,3.93968743574399e6,3.8486344054606673e6,3.5895631710979003e6,4.773012008926768e6,4.773012008926768e6,4.378879170377128e6,4.746596745923969e6
3.9281453276331592e6,4.275816075895536e6,4.095028558040136e6,3.6707765889759944e6,4.203099511148725e6,4.423874277359342e6,4.233037272979183e6,4.51617533653507e6,5.001970127815079e6,3.7605154203685303e6,4.640554422635036e6,3.882365566340961e6,3.8400128560521374e6,3.685463801022132e6,4.88122819667292e6,4.88122819667292e6,4.440031623297072e6,4.653643357495309e6
3.8067913862547423e6,4.297521770769737e6,4.0028894997170907e6,3.6507415250517284e6,4.221602836313463e6,4.355062052451899e6,4.416344918654977e6,4.480763175040499e6,4.896166273297271e6,3.8375772603755496e6,4.703682062304275e6,3.9376051069379314e6,3.9235385566436066e6,3.8944929009463633e6,4.732282674419071e6,4.732282674419071e6,4.301862486217015e6,4.677504329066648e6
3.942315624876326e6,4.268192065643936e6,4.1265167713940456e6,3.7061254411274614e6,4.130663581478201e6,4.455800767544459e6,4.326613174330772e6,4.627377273545929e6,4.853306078779464e6,3.8224918503825697e6,4.760855571973514e6,3.9639245875349026e6,3.950074727235076e6,3.722741210870594e6,4.7863446321652215e6,4.7863446321652215e6,4.40866326913696e6,4.8340573406379875e6
3.746676823497911e6,4.259843580518137e6,4.1863497930710004e6,3.7419457872031946e6,4.1276186266429387e6,4.375363812637018e6,4.457751300006565e6,4.47118133205136e6,4.911949624261655e6,3.7909617003895887e6,4.620408671642753e6,3.970113438131873e6,4.048627517826545e6,3.7480428707948253e6,4.856000739911373e6,4.856000739911373e6,4.490513412056904e6,4.7391192422093265e6
3.955068272119494e6,4.309618745392337e6,3.9323151047479557e6,3.649043513278928e6,4.182697321807675e6,4.4579566077295765e6,4.32208769568236e6,4.61751190055679e6,4.913036579743846e6,3.716902050396608e6,4.615205581311991e6,3.970348158728843e6,3.984150558418014e6,3.7106844007190564e6,4.889932067657523e6,4.889932067657523e6,4.342137194976848e6,4.707691863780666e6
3.877094420741079e6,4.321117360266539e6,4.0777741864249115e6,3.699890949354661e6,4.077865096972414e6,4.3517184228221355e6,4.150982841358152e6,4.605916259062219e6,4.900230565226038e6,3.7582391104036286e6,4.49885873098123e6,4.0026217693258133e6,3.9168382990094833e6,3.6846671306432877e6,4.807899625403674e6,4.807899625403674e6,4.402155527896793e6,4.835891875352005e6
3.901758429362663e6,4.246422855140739e6,4.101882428101865e6,3.6724841054303944e6,4.1380473321371516e6,4.422119427914694e6,4.341945797033948e6,4.54073344756765e6,4.950935270708231e6,3.8029785304106474e6,4.723314940650469e6,3.9725187799227852e6,3.933450919600953e6,3.7703606805675183e6,4.8146120731498245e6,4.8146120731498245e6,4.262568740816737e6,4.600322896923344e6
3.694778427984246e6,4.21454138001494e6,4.0559587597788204e6,3.5591676715061273e6,4.229984927301888e6,4.456795653007254e6,4.318560072709741e6,4.5135436560730785e6,4.9761222761904225e6,3.6880905604176675e6,4.591373940319708e6,3.9237028105197554e6,3.9483623601924223e6,3.7358375104917493e6,4.895892910895975e6,4.895892910895975e6,4.41955433373668e6,4.7877806784946835e6
3.886158076605831e6,4.313367234889141e6,4.112389421455775e6,3.6091645175818605e6,4.1909316624666266e6,4.522376648099811e6,4.384769828385536e6,4.551282234578509e6,4.9009396616726145e6,3.8380196104246867e6,4.626715639988946e6,3.9324434311167267e6,3.921311360783892e6,3.7234296804159805e6,4.827469908642126e6,4.827469908642126e6,4.391111306656625e6,4.617140070066024e6
3.9408762652274147e6,4.271845739763342e6,4.035844513132731e6,3.637613083657595e6,4.0546276076313634e6,4.486170373192371e6,4.372158244061329e6,4.55499721308394e6,4.838515897154807e6,3.7582893604317065e6,4.538721789658186e6,3.881075691713697e6,4.05672305137536e6,3.813943240340212e6,4.823408216388278e6,4.823408216388278e6,4.41342014957657e6,4.698274101637363e6
3.7852151938489983e6,4.195166524637543e6,4.0670410048096855e6,3.575899109733327e6,4.1037521727961013e6,4.43805583828493e6,4.283277089737123e6,4.355988241589368e6,4.834499312636999e6,3.6536084704387267e6,4.667628389327425e6,3.7324571623106673e6,3.93043655196683e6,3.596826750264443e6,4.833523024134428e6,4.833523024134428e6,4.430341922496514e6,4.727238613208702e6
3.8283086524705817e6,4.200427479511743e6,4.1453034764866396e6,3.6721113458090606e6,4.23198160796084e6,4.2986446433774885e6,4.359410395412917e6,4.5258518000948e6,4.95353474811919e6,3.725850300445746e6,4.595512218996663e6,3.915568732907638e6,4.0590435225582994e6,3.614473100188674e6,4.86546964188058e6,4.86546964188058e6,4.437907205416459e6,4.744578394780041e6
3.8081749210921666e6,4.2626779643859435e6,4.093425678163595e6,3.511445401884794e6,4.0092009031255776e6,4.389176278470048e6,4.423635441088711e6,4.564440968600228e6,4.925985173601383e6,3.842606340452766e6,4.658639858665901e6,3.936217613504609e6,3.823881503149769e6,3.687124270112905e6,4.77719953962673e6,4.77719953962673e6,4.336880498336402e6,4.821459476351379e6
3.8810390297137504e6,4.230229429260144e6,3.961592419840551e6,3.6859119179605274e6,4.2309952382903155e6,4.465531413562605e6,4.366793176764505e6,4.520239377105659e6,4.980375769083575e6,3.7121242204597853e6,4.446459868335141e6,3.906114624101579e6,3.9590096637412384e6,3.709874160037136e6,4.882296897372881e6,4.882296897372881e6,4.549437971256346e6,4.724253137922718e6
3.8240463983353344e6,4.309775244134345e6,4.084085571517505e6,3.6480144640362607e6,4.042238133455052e6,4.507295888655165e6,4.364955732440299e6,4.525372005611089e6,4.846502444565766e6,3.8555320804668046e6,4.55580289800438e6,3.92506232469855e6,3.9591775443327073e6,3.642177979961368e6,4.8722810751190325e6,4.8722810751190325e6,4.333865144176289e6,4.606632639494059e6
3.878481056956919e6,4.288951439008546e6,4.1606468631944596e6,3.6540641601119936e6,4.20817705861979e6,4.424307163747724e6,4.305561698116093e6,4.582957684116519e6,4.975744960047959e6,3.756521790473825e6,4.6268693776736185e6,3.845908645295521e6,3.966433674924176e6,3.720783279885599e6,4.7845780328651825e6,4.7845780328651825e6,4.426489427096235e6,4.687483141065398e6
3.899742705578502e6,4.259621733882748e6,3.969555834871415e6,3.5980207861877275e6,4.160050833784527e6,4.381863228840283e6,4.398990333791887e6,4.467023002621949e6,4.846691645530151e6,3.857967210480843e6,4.649452227342858e6,3.9422600358924917e6,3.896002585515646e6,3.67662008980983e6,4.822762310611333e6,4.822762310611333e6,4.483105400016178e6,4.6778875726367375e6
3.791714674200087e6,4.264599158756947e6,4.11813374654837e6,3.58564103226346e6,4.152752928949265e6,4.4877054839328425e6,4.324002149467681e6,4.486615661127378e6,4.938508201012343e6,3.889947780487864e6,4.539910097012096e6,4.0116760764894616e6,3.934163486107115e6,3.609490969734061e6,4.763695798357484e6,4.763695798357484e6,4.369319842936124e6,4.620658964208077e6
3.8835752928216704e6,4.180831693631149e6,4.027128808225326e6,3.651232028339194e6,4.1738080241140034e6,4.478434559025401e6,4.339743565143475e6,4.615650899632809e6,4.823914916494534e6,3.7983092704948834e6,4.645283706681334e6,3.9900789870864325e6,3.9391513766985843e6,3.634509099658292e6,4.865107266103636e6,4.865107266103636e6,4.458541765856067e6,4.723908335779415e6
3.9249675714432546e6,4.374073038505349e6,4.1002877399022807e6,3.4647648544149264e6,4.07889934927874e6,4.55280498411796e6,4.367393240819268e6,4.577119908138239e6,4.965632751976727e6,3.711207240501903e6,4.673253626350573e6,3.885691137683403e6,3.825340197290053e6,3.682209629582523e6,4.828723153849786e6,4.828723153849786e6,4.340786788776011e6,4.743232827350754e6
3.8515302000648384e6,4.03938152337955e6,3.981496861579235e6,3.5530382504906594e6,4.141066294443478e6,4.494483369210518e6,4.366406386495063e6,4.528948896643668e6,4.86209713745892e6,3.792522030508922e6,4.588378606019813e6,3.947451868280374e6,3.9468589178815233e6,3.6876641895067533e6,4.867474491595937e6,4.867474491595937e6,4.386061561695956e6,4.670693598922093e6
3.798223458686422e6,4.346318398253751e6,4.11221238325619e6,3.6172115965663935e6,4.028862289608216e6,4.402421684303078e6,4.326859452170858e6,4.409044795149098e6,4.869138222941111e6,3.840663810515942e6,4.623436775689051e6,3.9669666288773445e6,3.914704378472992e6,3.5856608794309846e6,4.826270369342088e6,4.826270369342088e6,4.3732126846159e6,4.758348820493433e6
3.859462837308007e6,4.1894001931279516e6,3.9650685049331454e6,3.632901312642127e6,4.085075104772953e6,4.371886009395637e6,4.398172747846651e6,4.524187063654529e6,4.903965248423303e6,3.785317140522961e6,4.72200566535829e6,4.0023590694743153e6,4.1037032390644616e6,3.6792932693552165e6,5.014158487088239e6,5.014158487088239e6,4.494473497535844e6,4.686093122064772e6
3.7922631259295903e6,4.284256628002152e6,4.0093073766101003e6,3.7018946687178602e6,4.13221495993769e6,4.296552594488195e6,4.233022023522445e6,4.619482232159958e6,4.939642863905495e6,3.800569440529981e6,4.666901295027528e6,3.9280254000712857e6,4.038659219655931e6,3.5920335192794474e6,4.721463254834389e6,4.721463254834389e6,4.395147970455788e6,4.665439883636112e6
3.756251714551174e6,4.267685772876352e6,4.0566650782870553e6,3.6081418047935925e6,4.141928855102429e6,4.379712449580755e6,4.316243579198239e6,4.559402960665388e6,4.982692259387686e6,3.719988600537e6,4.585428634696768e6,4.0025449806682575e6,4.0756860002474003e6,3.7548472292036787e6,4.89517487258054e6,4.89517487258054e6,4.573398313375733e6,4.778329275207451e6
3.8466946831727577e6,4.245444317750552e6,4.14882051996401e6,3.605118540869327e6,4.180562810267167e6,4.390855684673312e6,4.3971968948740335e6,4.592321529170818e6,4.800335304869879e6,3.70632084054402e6,4.543650174366006e6,3.9041112612652276e6,3.8082015608388693e6,3.71890640912791e6,4.772030580326691e6,4.772030580326691e6,4.316430106295678e6,4.8078608467787905e6
3.782330271794343e6,4.261195882624754e6,4.0444896716409647e6,3.486982096945059e6,4.122796565431904e6,4.316656389765872e6,4.375228820549827e6,4.554357597676247e6,4.851607070352071e6,3.8415063305510394e6,4.7437228040352445e6,4.004715601862198e6,4.005139261430339e6,3.6529114090521405e6,4.6987875680728415e6,4.6987875680728415e6,4.376448439215621e6,4.627580218350129e6
3.815500180415926e6,4.396313577498955e6,4.018413103317921e6,3.4731846930207927e6,4.1302422205966413e6,4.55405656485843e6,4.303359466225621e6,4.574233786181679e6,4.936902435834262e6,3.86044452055806e6,4.6381500937044835e6,4.0395409824591684e6,3.9250681520218076e6,3.6705577589763715e6,4.698978825818992e6,4.698978825818992e6,4.297820602135565e6,4.782999109921468e6
3.7621934390375093e6,4.142995172373155e6,3.9611482349948757e6,3.5784698890965264e6,4.120959605761379e6,4.35283582995099e6,4.277705501901415e6,4.507916854687108e6,4.815504431316455e6,3.6967893905650796e6,4.630678763373722e6,3.89772717305614e6,3.9306231026132773e6,3.694158238900603e6,4.946975303565143e6,4.946975303565143e6,4.530225175055509e6,4.684375121492808e6
3.8537705276590944e6,4.335669457247355e6,4.1100096766718295e6,3.6111714051722595e6,4.148535890926117e6,4.36454612504355e6,4.287209257577209e6,4.592721413192538e6,5.002020006798646e6,3.7341570305720987e6,4.651560433042962e6,3.871877133653111e6,3.8576402432047464e6,3.656232708824834e6,4.896131161311294e6,4.896131161311294e6,4.392339567975454e6,4.694059593064147e6
3.9575394062806773e6,4.354256322121557e6,4.1780650683487854e6,3.6889541912479927e6,4.1599509660908533e6,4.294032720136107e6,4.302383613253003e6,4.501453841697967e6,4.83100425228084e6,3.774927030579119e6,4.6253761227122005e6,3.989493274250081e6,3.9332271037962167e6,3.6718943487490653e6,4.859463519057445e6,4.859463519057445e6,4.448104950895398e6,4.803546624635487e6
3.9104703249022625e6,4.288351246995756e6,4.086493070025739e6,3.750292237323726e6,4.051999911255592e6,4.470190415228667e6,4.204713028928797e6,4.595614890203397e6,4.904391357763031e6,3.7850757905861377e6,4.7092014523814395e6,3.8987148648470514e6,3.9458703043876854e6,3.686138338673296e6,4.849164166803597e6,4.849164166803597e6,4.511809173815342e6,4.772969836206826e6
3.9141531135238456e6,4.356272331869958e6,4.0581482617026954e6,3.5737486133994586e6,4.299311946420329e6,4.467724210321224e6,4.219036794604591e6,4.629951108708828e6,4.847071133245222e6,3.6667854605931574e6,4.717607802050678e6,3.917662565444022e6,3.947739364979155e6,3.671178738597527e6,4.787545884549747e6,4.787545884549747e6,4.384697706735287e6,4.575110347778165e6
3.81774981214543e6,4.327509686744158e6,4.1820590633796505e6,3.600495999475192e6,4.188525591585067e6,4.421310855413784e6,4.399225610280384e6,4.5384000072142575e6,4.760263788727415e6,3.834860430600177e6,4.541152591719917e6,4.0432175460409927e6,3.857744705570624e6,3.6757827085217587e6,4.886405582295898e6,4.886405582295898e6,4.463996079655231e6,4.782131699349504e6
3.8460997107670144e6,4.25366577161836e6,4.018186915056605e6,3.6224233755509257e6,4.231412496749804e6,4.364690420506343e6,4.236343125956179e6,4.573019755719687e6,4.859735654209605e6,3.820058550607197e6,4.710036921389156e6,3.903388446637964e6,3.8667020161620933e6,3.7702656884459895e6,4.9254404500420485e6,4.9254404500420485e6,4.589226312575175e6,4.652886470920843e6
3.7814517693885975e6,4.22972313649256e6,4.0357739667335595e6,3.581690621626659e6,4.0939743219145434e6,4.331319445598902e6,4.248965711631973e6,4.632023084225117e6,4.859688489691798e6,3.7023352806142163e6,4.647277241058394e6,3.936796177234934e6,3.8759428567535626e6,3.6966153783702203e6,4.786134947788199e6,4.786134947788199e6,4.487916075495119e6,4.687238052492184e6
3.769540408010182e6,4.251428831366762e6,4.044571588410515e6,3.577816767702392e6,4.193000167079281e6,4.365428610691461e6,4.355720257307767e6,4.564288502730547e6,4.8349742151739905e6,3.756714720621236e6,4.600395240727633e6,3.9534756378319045e6,3.979032127345032e6,3.7290052882944513e6,4.76874734553435e6,4.76874734553435e6,4.421763558415064e6,4.747390864063523e6
3.888336376631765e6,4.325587576240962e6,3.99014202008747e6,3.6658066337781255e6,4.1692575222440176e6,4.409461325784019e6,4.41966177298356e6,4.803900441235977e6,4.774818690656182e6,3.676133880628255e6,4.633185170396872e6,3.934713848428875e6,3.861251527936501e6,3.604603108218683e6,4.896527103280501e6,4.896527103280501e6,4.473559521335007e6,4.706039935634862e6
3.86621793525335e6,4.250326011115163e6,4.0601821217644247e6,3.513363059853859e6,4.1752855274087563e6,4.414083370876579e6,4.344106528659355e6,4.555273719741407e6,4.9701236961383745e6,3.8110358406352755e6,4.477994710066111e6,3.8824955190258464e6,3.90423243852797e6,3.759194448142914e6,4.865246531026652e6,4.865246531026652e6,4.367996334254951e6,4.752299777206201e6
3.7856923138749334e6,4.438747345989362e6,4.08599154344138e6,3.679607205929592e6,4.205697112573492e6,4.508584425969138e6,4.398691554335148e6,4.4889567882468365e6,4.761398451620567e6,3.683389020642295e6,4.602648359735348e6,3.8589137196228164e6,4.003352289119439e6,3.770036078067145e6,4.776976428772802e6,4.776976428772802e6,4.495494807174896e6,4.767087788777539e6
3.7593209224965186e6,4.208678400863565e6,4.1557481151183355e6,3.5047647620053254e6,4.212292177738231e6,4.378246191061696e6,4.3208680700109415e6,4.606650826752266e6,4.801896077102759e6,3.749109660649314e6,4.500761539404589e6,3.994675780219788e6,3.9354729697109084e6,3.5809890579913766e6,4.839827816518955e6,4.839827816518955e6,4.50986481009484e6,4.806259380348879e6
3.881235721118102e6,4.357405535737765e6,4.13931156679529e6,3.613452318081059e6,4.256880262902968e6,4.5155602761542555e6,4.354755405686737e6,4.621139945257696e6,4.89314557258495e6,3.765212550656334e6,4.744214259073827e6,3.8389690008167587e6,3.9863927203023783e6,3.7154497679156074e6,4.968458164265105e6,4.968458164265105e6,4.485958263014784e6,4.737406041920219e6
3.9024973697396857e6,4.295469880611965e6,4.1682398184722443e6,3.5823595841567917e6,4.113487958067706e6,4.3931608812468145e6,4.406221601362531e6,4.583176013763127e6,4.885159568067142e6,3.784434270663353e6,4.606886188743067e6,3.9937275714137293e6,3.978338230893847e6,3.757196167839838e6,4.974603552011255e6,4.974603552011255e6,4.518474185934728e6,4.768638793491558e6
4.0879228883612696e6,4.618000905486166e6,4.4152026401492e6,3.798221480232525e6,4.360516463232444e6,4.635948126339372e6,4.347394627038325e6,4.456183662268558e6,4.913181873549335e6,3.8694349506703736e6,4.670580888412305e6,3.9752493120106994e6,4.0247215014853165e6,3.719837697764069e6,4.903061719757406e6,4.903061719757406e6,4.640585588854672e6,4.743449075062897e6
3.8378463269828535e6,4.304007080360366e6,4.0973737018261547e6,3.653433216308257e6,4.1297969183971807e6,4.443800351431931e6,4.445643272714119e6,4.712523870773986e6,4.982032499031525e6,3.8761813506773934e6,4.729739108081544e6,4.050903012607671e6,3.911760912076786e6,3.6821956976883006e6,4.984059027503557e6,4.984059027503557e6,4.568478941774617e6,4.844997266634236e6
3.9288563556044376e6,4.331666905234567e6,4.04833120350311e6,3.683866492383991e6,4.176936773561918e6,4.23917725652449e6,4.310830258389913e6,4.711985899279416e6,4.978015914513718e6,3.771783990684412e6,4.717731297750783e6,3.9405610332046417e6,4.0967903526682556e6,3.7724257276125317e6,4.960433765249708e6,4.960433765249708e6,4.557047714694561e6,4.860635868205575e6
3.8026824042260214e6,4.269164190108768e6,4.052875875180065e6,3.525752318459724e6,4.226628398726657e6,4.393503141617049e6,4.307858694065707e6,4.699539667784846e6,4.805015449995911e6,3.7904386506914324e6,4.646465717420021e6,4.1058102138016117e6,3.986098003259725e6,3.802547397536762e6,4.912991982995858e6,4.912991982995858e6,4.558942397614505e6,4.712961189776914e6
3.799560472847606e6,4.498413844982969e6,4.36618471685702e6,3.542292624535458e6,4.212809303891394e6,4.421374646709609e6,4.350818989741501e6,4.586440286290276e6,4.991531025478102e6,3.826672170698452e6,4.63615908708926e6,3.929689274398582e6,4.042121293851194e6,3.738820637460994e6,5.001361070742009e6,5.001361070742009e6,4.59996422053445e6,4.827835291348253e6
3.8647692714691903e6,4.380622779857168e6,4.1339818385339747e6,3.631133080611191e6,4.1907678390561324e6,4.481001511802168e6,4.322613255417294e6,4.4917703547957055e6,5.0572628209602935e6,3.8753810107054706e6,4.740398576758498e6,3.9256710449955533e6,4.012518524442663e6,3.797862367385225e6,4.940593378488161e6,4.940593378488161e6,4.499221043454395e6,4.887704572919593e6
3.8120295900907735e6,4.34136952473137e6,4.202320760210929e6,3.7335829766869247e6,4.0493602442208696e6,4.625120316894726e6,4.264636871093089e6,4.5938702433011355e6,4.941251886442487e6,3.969454650712491e6,4.655240026427738e6,3.935262255592524e6,4.396869555034133e6,3.8481146673094556e6,5.19652869623431e6,5.19652869623431e6,4.729924436374337e6,5.117408324490932e6
3.8429312587123574e6,4.1702748196055703e6,4.181631261887885e6,3.675838422762657e6,4.204808559385607e6,4.3878912719872845e6,4.374226716768881e6,4.509974451806567e6,4.7458525519246785e6,3.88093497071951e6,4.600986246096976e6,3.966685276189495e6,4.0460272956256014e6,3.6570829372336874e6,4.914607603980461e6,4.914607603980461e6,4.535332829294282e6,4.807554486062272e6
3.9605931073339414e6,4.391302104479771e6,4.0160579335648404e6,3.663175138838391e6,4.1598011645503445e6,4.5155653370798435e6,4.3267409424446765e6,4.563307180311996e6,4.90401512740687e6,3.869818980726531e6,4.7945376857662145e6,3.889799836786465e6,4.032585736217071e6,3.7733977271579183e6,4.8011033317266125e6,4.8011033317266125e6,4.578906422214226e6,4.78520006763361e6
3.9390417259555254e6,4.326531149353973e6,3.974387215241795e6,3.594089384914124e6,4.1819903797150822e6,4.490416732172403e6,4.37622242812047e6,4.508331448817425e6,4.991011672889062e6,3.7345168507335507e6,4.688681445435454e6,3.8883333773834356e6,4.0897431468085404e6,3.803235867082149e6,4.929450149472765e6,4.929450149472765e6,4.525796285134171e6,4.89667180920495e6
3.8865855745771094e6,4.355041564228173e6,4.11332510691875e6,3.7226240409898576e6,4.2898056548798205e6,4.516587057264962e6,4.363327313796263e6,4.579243037322855e6,4.931139678371254e6,3.887281200740569e6,4.684328945104693e6,3.862766867980406e6,3.9430424874000098e6,3.7899774470063797e6,4.847417707218914e6,4.847417707218914e6,4.488563828054115e6,4.890195070776288e6
3.900475443198694e6,4.422395589102373e6,4.270125388595704e6,3.690964247065591e6,4.064756710044557e6,4.52120910235752e6,4.297979149472059e6,4.625487515828285e6,4.9744726038534455e6,3.7653049807475894e6,4.673455254773932e6,3.9287805485773766e6,3.9125891279914784e6,3.7285189269306115e6,4.848743084965066e6,4.848743084965066e6,4.467776110974059e6,4.709063852347628e6
3.7445308418202773e6,4.318213963976574e6,4.20690639027266e6,3.627265563141324e6,4.243738015209295e6,4.53858999745008e6,4.361070075147852e6,4.741763904333716e6,4.883979369335638e6,3.9021916507546087e6,4.7258087544431705e6,3.913988179174348e6,3.9910112885829485e6,3.695413406854843e6,4.924353322711215e6,4.924353322711215e6,4.5297791538940035e6,4.823087363918968e6
